{"cameraMode":{"drawMode":0,"name":"Shaded","section":"Shading Mode"},"sceneLighting":true,"audioPlay":false,"sceneViewState":{"m_AlwaysRefresh":false,"showFog":true,"showSkybox":true,"showFlares":true,"showImageEffects":true,"showParticleSystems":true,"showVisualEffectGraphs":true,"m_FxEnabled":true},"in2DMode":false,"pivot":{"x":-5.08763313293457,"y":10.727692604064942,"z":-4.097525596618652},"rotation":{"x":-0.4580545723438263,"y":0.0018649841658771039,"z":-0.000959689321462065,"w":-0.8889178037643433},"size":5.336003303527832,"orthographic":false}