{"cameraMode":{"drawMode":0,"name":"Shaded","section":"Shading Mode"},"sceneLighting":true,"audioPlay":false,"sceneViewState":{"m_AlwaysRefresh":false,"showFog":true,"showSkybox":true,"showFlares":true,"showImageEffects":true,"showParticleSystems":true,"showVisualEffectGraphs":true,"m_FxEnabled":true},"in2DMode":false,"pivot":{"x":-10.652490615844727,"y":-0.44147300720214846,"z":1.878005027770996},"rotation":{"x":-0.40398555994033816,"y":0.19434002041816712,"z":-0.08826155215501785,"w":-0.8895188570022583},"size":4.5939788818359379,"orthographic":false}