{"cameraMode":{"drawMode":0,"name":"Shaded","section":"Shading Mode"},"sceneLighting":false,"audioPlay":false,"sceneViewState":{"m_AlwaysRefresh":false,"showFog":true,"showSkybox":false,"showFlares":true,"showImageEffects":true,"showParticleSystems":true,"showVisualEffectGraphs":true,"m_FxEnabled":true},"in2DMode":false,"pivot":{"x":0.43786969780921938,"y":2.5746824741363527,"z":2.3530359268188478},"rotation":{"x":-0.11829083412885666,"y":0.06310632824897766,"z":-0.007541835308074951,"w":-0.9909489750862122},"size":1.4485576152801514,"orthographic":false}